probe_id	pos	hyb_region_left	hyb_region_right	hyb_region_full
Fusobacterium_polymorphum_consensus_probe1	26	ATCGCTAATCACACCCTCGGAGCAT	CCCTCCTTACGGTTAGGCCTGCTAC	ATCGCTAATCACACCCTCGGAGCATCCCTCCTTACGGTTAGGCCTGCTAC
Fusobacterium_polymorphum_consensus_probe2	76	TTCAGGTGCAACCAACTCTCGTGGT	GTGACGGGCGGTGTGTACAAGACCC	TTCAGGTGCAACCAACTCTCGTGGTGTGACGGGCGGTGTGTACAAGACCC
Fusobacterium_polymorphum_consensus_probe3	127	AGAACGTATTCACCGCGACATTGCT	GATTCGCGATTACTAGCGATTCCAA	AGAACGTATTCACCGCGACATTGCTGATTCGCGATTACTAGCGATTCCAA
Fusobacterium_polymorphum_consensus_probe4	225	CTGAGATTAGCTCCACCTCACGGCT	TTGCGACTCTCTGTACTACCCATTG	CTGAGATTAGCTCCACCTCACGGCTTTGCGACTCTCTGTACTACCCATTG
Fusobacterium_polymorphum_consensus_probe5	404	CTCGTTGCGGGACTTAACCCAACAT	CTCACGACACGAGCTGACGACAGCC	CTCGTTGCGGGACTTAACCCAACATCTCACGACACGAGCTGACGACAGCC
Fusobacterium_polymorphum_consensus_probe6	478	CCCGAAGGGACACTGAAACATCTCT	GTCTCATTCCTAAGATGTCAAACGC	CCCGAAGGGACACTGAAACATCTCTGTCTCATTCCTAAGATGTCAAACGC
Fusobacterium_polymorphum_consensus_probe7	531	TAAGGTTCCTCGCGTTGCGTCGAAT	TAAACCACATGCTCCACCGCTTGTG	TAAGGTTCCTCGCGTTGCGTCGAATTAAACCACATGCTCCACCGCTTGTG
Fusobacterium_polymorphum_consensus_probe8	680	ACCTAGTAATCATCGTTTACGGCGT	GGACTACCAGGGTATCTAATCCTGT	ACCTAGTAATCATCGTTTACGGCGTGGACTACCAGGGTATCTAATCCTGT
Fusobacterium_polymorphum_consensus_probe9	734	TACCCACGCTTTCGCGCTTCAGCGT	CAGTATCTGTCCAGTAAGCTGGCTT	TACCCACGCTTTCGCGCTTCAGCGTCAGTATCTGTCCAGTAAGCTGGCTT
Fusobacterium_polymorphum_consensus_probe10	817	TCACCTCTACACTTGTAGTTCCGCT	TACCTCTCCAGTACTCTAGTTACAC	TCACCTCTACACTTGTAGTTCCGCTTACCTCTCCAGTACTCTAGTTACAC
Fusobacterium_polymorphum_consensus_probe11	927	TAGACGCGCTTTACGCCCAATAAAT	CCGGATAACGCATTGTGACATACGT	TAGACGCGCTTTACGCCCAATAAATCCGGATAACGCATTGTGACATACGT
Fusobacterium_polymorphum_consensus_probe12	977	ATTACCGCGGCTGCTGGCACGTATT	TAGCCGTCACTTCTTCTGTTGGTAC	ATTACCGCGGCTGCTGGCACGTATTTAGCCGTCACTTCTTCTGTTGGTAC
Fusobacterium_polymorphum_consensus_probe13	1072	ACTTCATCGTGCACACAGAATTGCT	GGATCAGACTCTTGGTCCATTGTCC	ACTTCATCGTGCACACAGAATTGCTGGATCAGACTCTTGGTCCATTGTCC
Fusobacterium_polymorphum_consensus_probe14	1178	GGCCGATCACCCTCTCAGGCCGGCT	ACCCATCATCGCCTTGGTGAGCCGT	GGCCGATCACCCTCTCAGGCCGGCTACCCATCATCGCCTTGGTGAGCCGT
Fusobacterium_polymorphum_consensus_probe15	1236	CAACTAGCTAATGGGACGCAAAGCT	CTCTCACAGCGCATATAGCTTTCAT	CAACTAGCTAATGGGACGCAAAGCTCTCTCACAGCGCATATAGCTTTCAT
Fusobacterium_polymorphum_consensus_probe16	1324	GCATTCGTTTCCAAATGTTGTCCCT	ATCTGTGAGGCAAGTTCTTTACGCG	GCATTCGTTTCCAAATGTTGTCCCTATCTGTGAGGCAAGTTCTTTACGCG
Fusobacterium_polymorphum_consensus_probe17	1391	ACCCAAACCGAAGTTCAAGTTGACT	TGCATGTGTTAAGCATTCTGTCAGC	ACCCAAACCGAAGTTCAAGTTGACTTGCATGTGTTAAGCATTCTGTCAGC
