#id	pos	hyb_region	probe
Hungatella_hathewayi_consensus_probe1_left	1	GCTCCCTCCTTTCGGTTGGGTCACT	CCTTGGCACCCGAGAATTCCAGCTCCCTCCTTTCGGTTGGGTCACT
Hungatella_hathewayi_consensus_probe1_right	1	GACTTCGGGCGTTACCAACTCCCAT	GACTTCGGGCGTTACCAACTCCCATAAAAAAAAAAAAAAAAAAAAAAAAAAAAAA
Hungatella_hathewayi_consensus_probe2_left	62	CGGTGTGTACAAGACCCGGGAACGT	CCTTGGCACCCGAGAATTCCACGGTGTGTACAAGACCCGGGAACGT
Hungatella_hathewayi_consensus_probe2_right	62	ATTCACCGCGACATTCTGATTCGCG	ATTCACCGCGACATTCTGATTCGCGAAAAAAAAAAAAAAAAAAAAAAAAAAAAAA
Hungatella_hathewayi_consensus_probe3_left	120	CGATTCCAGCTTCATGCAGGCGAGT	CCTTGGCACCCGAGAATTCCACGATTCCAGCTTCATGCAGGCGAGT
Hungatella_hathewayi_consensus_probe3_right	120	TGCAGCCTGCAATCCGAACTGAGAC	TGCAGCCTGCAATCCGAACTGAGACAAAAAAAAAAAAAAAAAAAAAAAAAAAAAA
Hungatella_hathewayi_consensus_probe4_left	183	TTTGCTCCAGATCGCTCCTTTGCCT	CCTTGGCACCCGAGAATTCCATTTGCTCCAGATCGCTCCTTTGCCT
Hungatella_hathewayi_consensus_probe4_right	183	CCCTTTGTTTACGCCATTGTAGCAC	CCCTTTGTTTACGCCATTGTAGCACAAAAAAAAAAAAAAAAAAAAAAAAAAAAAA
Hungatella_hathewayi_consensus_probe5_left	310	CCCAGAGTGCCCGACTCTACTCGCT	CCTTGGCACCCGAGAATTCCACCCAGAGTGCCCGACTCTACTCGCT
Hungatella_hathewayi_consensus_probe5_right	310	GGCTACTAAGGATAAGGGTTGCGCT	GGCTACTAAGGATAAGGGTTGCGCTAAAAAAAAAAAAAAAAAAAAAAAAAAAAAA
Hungatella_hathewayi_consensus_probe6_left	360	CGTTGCGGGACTTAACCCAACATCT	CCTTGGCACCCGAGAATTCCACGTTGCGGGACTTAACCCAACATCT
Hungatella_hathewayi_consensus_probe6_right	360	CACGACACGAGCTGACGACAACCAT	CACGACACGAGCTGACGACAACCATAAAAAAAAAAAAAAAAAAAAAAAAAAAAAA
Hungatella_hathewayi_consensus_probe7_left	457	TTTCAGTGGGATGTCAAGACTTGGT	CCTTGGCACCCGAGAATTCCATTTCAGTGGGATGTCAAGACTTGGT
Hungatella_hathewayi_consensus_probe7_right	457	AAGGTTCTTCGCGTTGCTTCGAATT	AAGGTTCTTCGCGTTGCTTCGAATTAAAAAAAAAAAAAAAAAAAAAAAAAAAAAA
Hungatella_hathewayi_consensus_probe8_left	633	ACCTAGTATTCATCGTTTACGGCGT	CCTTGGCACCCGAGAATTCCAACCTAGTATTCATCGTTTACGGCGT
Hungatella_hathewayi_consensus_probe8_right	633	GGACTACCAGGGTATCTAATCCTGT	GGACTACCAGGGTATCTAATCCTGTAAAAAAAAAAAAAAAAAAAAAAAAAAAAAA
Hungatella_hathewayi_consensus_probe9_left	691	CACGCTTTCGAGCCTCAACGTCAGT	CCTTGGCACCCGAGAATTCCACACGCTTTCGAGCCTCAACGTCAGT
Hungatella_hathewayi_consensus_probe9_right	691	TACAGTCCAGTAAGCCGCCTTCGCC	TACAGTCCAGTAAGCCGCCTTCGCCAAAAAAAAAAAAAAAAAAAAAAAAAAAAAA
Hungatella_hathewayi_consensus_probe10_left	744	GGTGTTCCTCCTAATATCTACGCAT	CCTTGGCACCCGAGAATTCCAGGTGTTCCTCCTAATATCTACGCAT
Hungatella_hathewayi_consensus_probe10_right	744	TTCACCGCTACACTAGGAATTCCAC	TTCACCGCTACACTAGGAATTCCACAAAAAAAAAAAAAAAAAAAAAAAAAAAAAA
Hungatella_hathewayi_consensus_probe11_left	848	CCCGGGCTTTCACTTCAGACTTGCT	CCTTGGCACCCGAGAATTCCACCCGGGCTTTCACTTCAGACTTGCT
Hungatella_hathewayi_consensus_probe11_right	848	AAACCGTCTACGCTCCCTTTACACC	AAACCGTCTACGCTCCCTTTACACCAAAAAAAAAAAAAAAAAAAAAAAAAAAAAA
Hungatella_hathewayi_consensus_probe12_left	962	GGCTTCTTAGTCAGGTACCGTCATT	CCTTGGCACCCGAGAATTCCAGGCTTCTTAGTCAGGTACCGTCATT
Hungatella_hathewayi_consensus_probe12_right	962	TTCTTCCCTGCTGATAGAGCTTTAC	TTCTTCCCTGCTGATAGAGCTTTACAAAAAAAAAAAAAAAAAAAAAAAAAAAAAA
Hungatella_hathewayi_consensus_probe13_left	1018	AAATACTTCTTCACTCACGCGGCGT	CCTTGGCACCCGAGAATTCCAAAATACTTCTTCACTCACGCGGCGT
Hungatella_hathewayi_consensus_probe13_right	1018	CGCTGGATCAGGCTTTCGCCCATTG	CGCTGGATCAGGCTTTCGCCCATTGAAAAAAAAAAAAAAAAAAAAAAAAAAAAAA
Hungatella_hathewayi_consensus_probe14_left	1078	CCCACTGCTGCCTCCCGTAGGAGTT	CCTTGGCACCCGAGAATTCCACCCACTGCTGCCTCCCGTAGGAGTT
Hungatella_hathewayi_consensus_probe14_right	1078	TGGGCCGTGTCTCAGTCCCAATGTG	TGGGCCGTGTCTCAGTCCCAATGTGAAAAAAAAAAAAAAAAAAAAAAAAAAAAAA
Hungatella_hathewayi_consensus_probe15_left	1130	CGGTCACCCTCTCAGGTCGGCTACT	CCTTGGCACCCGAGAATTCCACGGTCACCCTCTCAGGTCGGCTACT
Hungatella_hathewayi_consensus_probe15_right	1130	GATCGTCGGCTTGGTGGGCCGTTAC	GATCGTCGGCTTGGTGGGCCGTTACAAAAAAAAAAAAAAAAAAAAAAAAAAAAAA
Hungatella_hathewayi_consensus_probe16_left	1298	AGTGTAAGGCAGGTTACCCACGCGT	CCTTGGCACCCGAGAATTCCAAGTGTAAGGCAGGTTACCCACGCGT
Hungatella_hathewayi_consensus_probe16_right	1298	TACTCACCCGTCCGCCGCTAAGTCA	TACTCACCCGTCCGCCGCTAAGTCAAAAAAAAAAAAAAAAAAAAAAAAAAAAAAA
Hungatella_hathewayi_consensus_probe17_left	1369	TTCATTGAAACCGCTTCGCTCGACT	CCTTGGCACCCGAGAATTCCATTCATTGAAACCGCTTCGCTCGACT
Hungatella_hathewayi_consensus_probe17_right	1369	TGCATGTGTTAAGCACGCCGCCAGC	TGCATGTGTTAAGCACGCCGCCAGCAAAAAAAAAAAAAAAAAAAAAAAAAAAAAA
